WptName,GR(6),Hill Name,Height,GridZN,GridEast,GridNorth,Latitude,Longitude,Prominence,Hillnumber,Country,Type
1044.H,SH662630,Carnedd Dafydd,1044,SH,66283,63046,53.14774,-4.00084,111,1966,Wales,Welsh 3000
0965.-,SH658626,Carnedd Fach,965.09,SH,65806,62618,53.14376,-4.00777,8.87,500926,Wales,Welsh 3000
1064.H,SH683643,Carnedd Llewelyn,1064,SH,68361,64372,53.16017,-3.97033,750,1965,Wales,Welsh 3000
0972.n,SH653581,Castell y Gwynt,972,SH,65397,58182,53.10382,-4.01204,16,3662,Wales,Welsh 3000
0972.-,SH674631,Cefn Ysgolion East Top,971.61,SH,67470,63192,53.14934,-3.98314,9.24,500177,Wales,Welsh 3000
0970.-,SH671630,Cefn Ysgolion West Top (Black Ladders),970,SH,67100,63000,53.14752,-3.98859,1,500178,Wales,Welsh 3000
0923.H,SH624551,Crib Goch,923,SH,62421,55186,53.07615,-4.05518,65,1976,Wales,Welsh 3000
0921.-,SH625552,Crib Goch East Top,920.89,SH,62546,55256,53.0768,-4.05332,6.33,508290,Wales,Welsh 3000
1065.H,SH610551,Crib y Ddysgl,1065.3,SH,61079,55155,53.07552,-4.07518,72,1964,Wales,Welsh 3000
0924.H,SH611612,Elidir Fawr,924,SH,61173,61289,53.13065,-4.07643,212,1975,Wales,Welsh 3000
0975.H,SH688659,Foel Grach,975.4,SH,68878,65906,53.17408,-3.96323,41.7,1970,Wales,Welsh 3000
0944.H,SH696681,Foel-fras,944.1,SH,69613,68121,53.19416,-3.95315,62.8,1973,Wales,Welsh 3000
0925.H,SH686669,Garnedd Uchaf (Carnedd Gwenllian),925,SH,68698,66902,53.18298,-3.96634,33,1974,Wales,Welsh 3000
0994.H,SH656582,Glyder Fach,994.3,SH,65643,58286,53.10482,-4.00841,74.5,1968,Wales,Welsh 3000
1001.H,SH642579,Glyder Fawr,1000.9,SH,64243,57953,53.10147,-4.02916,642,1967,Wales,Welsh 3000
0978.H,SH655619,Pen yr Ole Wen,978,SH,65596,61943,53.13766,-4.01064,45,1969,Wales,Welsh 3000
1085.H,SH609543,Snowdon-Yr Wyddfa,1085,SH,60986,54376,53.0685,-4.07623,1039,1963,Wales,Welsh 3000
0918.H,SH664593,Tryfan,917.5,SH,66405,59387,53.1149,-3.99749,191,1977,Wales,Welsh 3000
0947.H,SH630595,Y Garn,947,SH,63089,59569,53.11569,-4.04708,236,1972,Wales,Welsh 3000
0962.H,SH673651,Yr Elen,962,SH,67386,65115,53.1666,-3.98522,57,1971,Wales,Welsh 3000
0931.-,SH605536,Yr Wyddfa South Top,931.23,SH,60526,53694,53.06224,-4.08277,11.57,500182,Wales,Welsh 3000
0936.m,NN660775,A' Bhuidheanach Bheag,936.1,NN,66059,77594,56.87034,-4.199,109,390,Scotland,Munro
0999.M,NH136714,A' Chailleach,998.6,NH,13621,71413,57.69377,-5.12871,182,1043,Scotland,Munro
0929.m,NH681041,A' Chailleach,929.3,NH,68110,04178,57.10956,-4.17929,108,623,Scotland,Munro
1120.M,NH094147,A' Chraileag (A' Chralaig),1120,NH,09431,14791,57.18419,-5.15484,786,862,Scotland,Munro
0918.M,NH008231,A' Ghlas-bheinn,918,NH,00822,23104,57.25508,-5.30369,407,846,Scotland,Munro
0967.M,NH007749,A' Mhaighdean,967,NH,00776,74913,57.71965,-5.34672,442,1014,Scotland,Munro
0973.m,NN604762,A' Mharconaich,973.2,NN,60423,76293,56.857,-4.29067,112,386,Scotland,Munro
0934.m,NG465253,Am Basteir,934,NG,46564,25302,57.24794,-6.20297,49,1254,Scotland,Munro
1032.M,NN176650,Am Bodach,1031.8,NN,17638,65097,56.74173,-4.98337,152,303,Scotland,Munro
0953.M,NH303793,Am Faochagach,953,NH,30362,79372,57.7718,-4.85388,367,1066,Scotland,Munro
0996.M,NN378193,An Caisteal,995.9,NN,37873,19345,56.33862,-4.62437,474,31,Scotland,Munro
0924.m,NH241680,An Coileachan,924,NH,24172,68024,57.66763,-4.9495,148,1052,Scotland,Munro
0982.M,NN187669,An Gearanach,981.5,NN,18770,66992,56.75917,-4.96623,151,312,Scotland,Munro
1129.M,NH133344,An Riabhachan,1129,NH,13363,34482,57.36243,-5.10473,302,927,Scotland,Munro
1007.M,NN933836,An Sgarsoch,1006.5,NN,93339,83685,56.93211,-3.75429,319,407,Scotland,Munro
1069.M,NH100332,An Socach,1069,NH,10061,33274,57.35023,-5.1586,207,931,Scotland,Munro
0944.M,NO079800,An Socach,944,NO,07938,80015,56.90229,-3.51316,188,433,Scotland,Munro
0920.m,NH088229,An Socach,919.7,NH,08816,22999,57.25755,-5.17131,123,845,Scotland,Munro
1117.m,NN638431,An Stuc,1117.1,NN,63891,43102,56.56008,-4.21625,126,142,Scotland,Munro
1063.M,NH068843,An Teallach-Bidein a' Ghlas Thuill,1062.6,NH,06896,84366,57.8071,-5.25177,757,1003,Scotland,Munro
1059.m,NH064836,An Teallach-Sgurr Fiona,1058.7,NH,06406,83679,57.80073,-5.25944,141,1004,Scotland,Munro
1020.M,NH051083,Aonach air Chrith,1019.5,NH,05103,08354,57.12464,-5.22129,493,685,Scotland,Munro
1234.M,NN197715,Aonach Beag,1234,NN,19706,71502,56.8,-4.95414,404,279,Scotland,Munro
1116.m,NN457741,Aonach Beag,1115.8,NN,45786,74190,56.8335,-4.52918,99,347,Scotland,Munro
0952.m,NN161583,Aonach Eagach-Meall Dearg,952.3,NN,16126,58365,56.68074,-5.00324,120,179,Scotland,Munro
0968.M,NN140583,Aonach Eagach-Sgorr nam Fiannaidh,967.7,NN,14043,58306,56.67939,-5.03714,623,178,Scotland,Munro
1001.M,NH048137,Aonach Meadhoin,1001,NH,04882,13760,57.17303,-5.22917,174,828,Scotland,Munro
1220.m,NN193729,Aonach Mor,1220.4,NN,19306,72962,56.81294,-4.96171,133,281,Scotland,Munro
1024.M,NN056558,Beinn a' Bheithir-Sgorr Dhearg,1024.2,NN,05684,55847,56.65393,-5.17151,729,195,Scotland,Munro
1002.M,NN040555,Beinn a' Bheithir-Sgorr Dhonuill,1002.1,NN,04050,55544,56.65053,-5.19789,245,198,Scotland,Munro
1196.M,NJ092006,Beinn a' Bhuird (Beinn a' Bhuird North Top),1196,NJ,09230,00621,57.08759,-3.49938,456,529,Scotland,Munro
1083.M,NJ045013,Beinn a' Chaorainn,1083.3,NJ,04515,01360,57.09327,-3.57743,246,559,Scotland,Munro
1049.M,NN386850,Beinn a' Chaorainn,1049.1,NN,38605,85062,56.92862,-4.65364,227,663,Scotland,Munro
1088.M,NN471781,Beinn a' Chlachair,1087.8,NN,47123,78156,56.86953,-4.50967,540,349,Scotland,Munro
0916.m,NN250256,Beinn a' Chleibh,916.3,NN,25054,25606,56.39023,-4.83563,139,75,Scotland,Munro
0980.M,NN109328,Beinn a' Chochuill,980,NN,10977,32849,56.44979,-5.06855,252,251,Scotland,Munro
1081.M,NN373440,Beinn a' Chreachain,1080.6,NN,37389,44075,56.56039,-4.64759,650,104,Scotland,Munro
0941.m,NN387185,Beinn a' Chroin,941.4,NN,38755,18573,56.33199,-4.60964,136,2925,Scotland,Munro
1070.M,NN945724,Beinn a' Ghlo-Braigh Coire Chruinn-bhalgain,1070,NN,94564,72404,56.8311,-3.72949,222,422,Scotland,Munro
0976.M,NN936698,Beinn a' Ghlo-Carn Liath,975.8,NN,93607,69830,56.80777,-3.74409,207,429,Scotland,Munro
1122.M,NN971733,Beinn a' Ghlo-Carn nan Gabhar,1121.9,NN,97118,73315,56.83985,-3.68802,658,421,Scotland,Munro
1039.M,NN344432,Beinn Achaladair,1038.6,NN,34469,43244,56.55191,-4.69452,226,108,Scotland,Munro
0986.M,NG865612,Beinn Alligin-Sgurr Mor,986,NG,86565,61271,57.59083,-5.57277,601,957,Scotland,Munro
0922.M,NG859601,Beinn Alligin-Tom na Gruagaich,922,NG,85958,60153,57.58052,-5.58191,155,968,Scotland,Munro
1004.M,NN331408,Beinn an Dothaidh,1004,NN,33177,40868,56.53013,-4.71398,247,112,Scotland,Munro
1019.M,NN517717,Beinn Bheoil,1019,NN,51716,71722,56.81328,-4.43066,186,354,Scotland,Munro
0930.m,NO058970,Beinn Bhreac,930.3,NO,05870,97075,57.05507,-3.55347,80.9,587,Scotland,Munro
1157.M,NN954922,Beinn Bhrotain,1157,NN,95413,92292,57.00987,-3.7238,258,538,Scotland,Munro
0949.M,NN203187,Beinn Bhuidhe,948.5,NN,20369,18720,56.32669,-4.90671,592,70,Scotland,Munro
0932.M,NN367179,Beinn Chabhair,932.2,NN,36761,17957,56.32578,-4.64148,313,38,Scotland,Munro
1025.M,NN386322,Beinn Challuim (Ben Challum),1024.9,NN,38685,32235,56.45457,-4.61918,450,152,Scotland,Munro
1084.M,NH259811,Beinn Dearg,1084,NH,25933,81183,57.78635,-4.92956,810,1062,Scotland,Munro
1009.M,NN852778,Beinn Dearg,1008.7,NN,85296,77800,56.87735,-3.88372,473,406,Scotland,Munro
1076.M,NN325378,Beinn Dorain,1076,NN,32553,37855,56.50287,-4.72217,332,105,Scotland,Munro
0979.M,NN307254,Beinn Dubhchraig,978.6,NN,30763,25493,56.3913,-4.74319,198,69,Scotland,Munro
1103.m,NN449733,Beinn Eibhinn,1103.3,NN,44965,73302,56.82526,-4.54208,127,348,Scotland,Munro
1010.M,NG951611,Beinn Eighe-Ruadh-stac Mor,1010,NG,95142,61152,57.59374,-5.42945,632,955,Scotland,Munro
0993.M,NG966597,Beinn Eighe-Spidean Coire nan Clach,993,NG,96615,59780,57.5821,-5.40371,172,956,Scotland,Munro
0989.M,NN135327,Beinn Eunaich,989,NN,13562,32797,56.45035,-5.02664,425,249,Scotland,Munro
1032.M,NH018192,Beinn Fhada,1031.9,NH,01855,19254,57.221,-5.28352,647,823,Scotland,Munro
1005.M,NH115282,Beinn Fhionnlaidh,1004.8,NH,11560,28271,57.30598,-5.12991,173,826,Scotland,Munro
0959.M,NN095497,Beinn Fhionnlaidh,959,NN,09508,49769,56.60098,-5.10475,510,201,Scotland,Munro
1103.m,NN625404,Beinn Ghlas,1103,NN,62529,40463,56.536,-4.23699,107,144,Scotland,Munro
1012.M,NN254084,Beinn Ime,1012.2,NN,25497,08488,56.23679,-4.81713,713,68,Scotland,Munro
1045.M,NO045792,Beinn Iutharn Mhor,1045,NO,04566,79279,56.89499,-3.56823,247,425,Scotland,Munro
0926.M,NG964519,Beinn Liath Mhor,926,NG,96409,51982,57.51208,-5.40062,271,983,Scotland,Munro
0954.m,NH219724,Beinn Liath Mhor Fannaich,954.2,NH,21960,72410,57.7061,-4.98978,107,1046,Scotland,Munro
0953.M,NN373411,Beinn Mhanach,952.5,NN,37371,41139,56.53403,-4.64604,315,122,Scotland,Munro
1183.M,NJ024016,Beinn Mheadhoin,1182.9,NJ,02460,01695,57.09585,-3.61146,254,531,Scotland,Munro
0935.M,NN376695,Beinn na Lap,935,NN,37617,69585,56.78939,-4.65998,406,364,Scotland,Munro
0959.M,NN148405,Beinn nan Aighenan,959,NN,14856,40543,56.52035,-5.01118,343,254,Scotland,Munro
0927.M,NN271066,Beinn Narnain,926.8,NN,27168,06655,56.22096,-4.789,290,74,Scotland,Munro
0974.M,NG835126,Beinn Sgritheall,974,NG,83587,12682,57.15382,-5.57973,500,695,Scotland,Munro
0937.M,NN053460,Beinn Sgulaird,937,NN,05301,46089,56.56624,-5.1704,662,207,Scotland,Munro
1077.M,NN413383,Beinn Sheasgarnaich (Beinn Heasgarnich),1077.4,NN,41380,38337,56.51025,-4.57922,579,145,Scotland,Munro
0934.M,NH039727,Beinn Tarsuinn,933.8,NH,03960,72794,57.70205,-5.29163,207,1019,Scotland,Munro
0915.M,NN361859,Beinn Teallach,914.6,NN,36136,85973,56.93593,-4.69475,301,675,Scotland,Munro
0946.m,NN416196,Beinn Tulaichean,945.8,NN,41661,19605,56.34223,-4.56332,121,35,Scotland,Munro
1010.M,NN579739,Beinn Udlamain,1010.2,NN,57945,73975,56.83544,-4.32998,555,383,Scotland,Munro
1148.M,NN496718,Ben Alder,1148,NN,49616,71856,56.8138,-4.46509,783,345,Scotland,Munro
1172.M,NJ131018,Ben Avon-Leabaidh an Daimh Bhuidhe,1172,NJ,13193,01845,57.09935,-3.43444,198,536,Scotland,Munro
0930.M,NN773308,Ben Chonzie,930.4,NN,77324,30857,56.45385,-3.99206,646,1,Scotland,Munro
1127.M,NN069304,Ben Cruachan,1127,NN,06964,30472,56.42684,-5.1318,880,232,Scotland,Munro
0927.M,NC477501,Ben Hope,927,NC,47750,50151,58.41311,-4.60786,772,1123,Scotland,Munro
0962.M,NC585299,Ben Klibreck-Meall nan Con,962.1,NC,58530,29921,58.2352,-4.41113,819,1165,Scotland,Munro
1214.M,NN635414,Ben Lawers,1214,NN,63552,41424,56.54492,-4.22088,915,141,Scotland,Munro
0974.M,NN367028,Ben Lomond,973.7,NN,36707,02864,56.1903,-4.63301,820,32,Scotland,Munro
1131.M,NN266262,Ben Lui (Beinn Laoigh),1131.4,NN,26635,26296,56.397,-4.81051,876,65,Scotland,Munro
1309.M,NN988989,Ben Macdui (Beinn Macduibh),1309,NN,98899,98943,57.07037,-3.6691,950,518,Scotland,Munro
1174.M,NN432244,Ben More,1174,NN,43276,24417,56.38595,-4.54009,986,26,Scotland,Munro
0966.M,NM525330,Ben More,966,NM,52577,33078,56.42483,-6.014,966,1301,Scotland,Munro
0998.M,NC318201,Ben More Assynt,998,NC,31830,20150,58.13816,-4.85821,835,1183,Scotland,Munro
1345.M,NN166712,Ben Nevis (Beinn Nibheis),1344.5,NN,16666,71288,56.79689,-5.00368,1344,278,Scotland,Munro
1030.M,NN287253,Ben Oss,1029.8,NN,28779,25320,56.38903,-4.77518,341,67,Scotland,Munro
1080.M,NN125427,Ben Starav,1079.5,NN,12576,42714,56.53892,-5.04975,448,238,Scotland,Munro
0916.M,NN277098,Ben Vane,915.8,NN,27753,09844,56.24979,-4.78166,424,76,Scotland,Munro
0985.M,NN629189,Ben Vorlich,985.3,NN,62911,18916,56.34268,-4.21946,834,17,Scotland,Munro
0943.M,NN295124,Ben Vorlich,942.8,NN,29509,12474,56.27402,-4.75505,632,71,Scotland,Munro
1046.M,NH462683,Ben Wyvis-Glas Leathad Mor,1046,NH,46297,68379,57.67891,-4.57925,691,1088,Scotland,Munro
1149.M,NN143542,Bidean nam Bian,1149.4,NN,14341,54210,56.64276,-5.02934,844,191,Scotland,Munro
0945.M,NH049412,Bidein a' Choire Sheasgaich,945,NH,04906,41264,57.41971,-5.25047,209,898,Scotland,Munro
0943.M,NN221677,Binnein Beag,943,NN,22173,67714,56.76696,-4.91116,197,320,Scotland,Munro
1130.M,NN212663,Binnein Mor,1130,NN,21219,66352,56.75438,-4.9258,759,287,Scotland,Munro
0929.M,NG529217,Blabheinn (Bla Bheinn),928.8,NG,52990,21743,57.21957,-6.09321,859,1255,Scotland,Munro
1296.M,NN953999,Braeriach,1296,NN,95327,99916,57.07831,-3.72839,461,519,Scotland,Munro
0998.m,NO240815,Broad Cairn,998,NO,24056,81567,56.91915,-3.24908,64,470,Scotland,Munro
0959.m,NG460252,Bruach na Frithe,958.8,NG,46084,25200,57.24676,-6.2108,126,1247,Scotland,Munro
0925.M,NN191547,Buachaille Etive Beag-Stob Coire Raineach,924.5,NN,19140,54796,56.6499,-4.9516,177,209,Scotland,Munro
0958.M,NN179535,Buachaille Etive Beag-Stob Dubh,958,NN,17910,53541,56.63816,-4.97075,469,202,Scotland,Munro
1021.M,NN222542,Buachaille Etive Mor-Stob Dearg,1021.4,NN,22263,54254,56.64623,-4.90038,532,196,Scotland,Munro
0953.m,NN190525,Buachaille Etive Mor-Stob na Broige,953.4,NN,19071,52568,56.62988,-4.95116,134,203,Scotland,Munro
1090.M,NJ041063,Bynack More,1090,NJ,04190,06373,57.13822,-3.58472,283,557,Scotland,Munro
1012.m,NO222825,Cairn Bannoch,1012,NO,22288,82555,56.92773,-3.2784,77,468,Scotland,Munro
1245.m,NJ005040,Cairn Gorm,1244.8,NJ,00516,04065,57.11671,-3.64448,145,525,Scotland,Munro
1063.m,NO185788,Cairn of Claise,1063.1,NO,18549,78891,56.89418,-3.33864,118,463,Scotland,Munro
1291.M,NN963972,Cairn Toul,1291,NN,96329,97229,57.05441,-3.71076,166,521,Scotland,Munro
0964.M,NN915758,Carn a' Chlamain,963.5,NN,91591,75807,56.86097,-3.77963,317,409,Scotland,Munro
1110.m,NO226845,Carn a' Choire Bhoidheach,1109.9,NO,22673,84557,56.94577,-3.27271,72.9,459,Scotland,Munro
0976.M,NO107767,Carn a' Gheoidh,976.1,NO,10703,76700,56.87307,-3.46662,299,428,Scotland,Munro
1037.M,NN994951,Carn a' Mhaim,1037,NN,99458,95199,57.03687,-3.65838,231,567,Scotland,Munro
0994.M,NN904841,Carn an Fhidhleir (Carn Ealar),994,NN,90476,84196,56.93603,-3.80154,286,408,Scotland,Munro
1029.M,NO028772,Carn an Righ,1029,NO,02871,77268,56.87658,-3.59527,258,426,Scotland,Munro
1047.m,NO208842,Carn an t-Sagairt Mor,1047,NO,20810,84280,56.94297,-3.30323,85,465,Scotland,Munro
1019.m,NO174804,Carn an Tuirc,1018.8,NO,17454,80481,56.90827,-3.35713,61.6,467,Scotland,Munro
0915.m,NO133791,Carn Aosda,915.3,NO,13397,79164,56.8957,-3.42327,120,438,Scotland,Munro
0945.M,NO051832,Carn Bhac,945.1,NO,05103,83227,56.93056,-3.5609,186,432,Scotland,Munro
1034.M,NN504764,Carn Dearg,1034,NN,50416,76444,56.85524,-4.45469,158,352,Scotland,Munro
0946.M,NH635023,Carn Dearg,945.7,NH,63568,02398,57.09226,-4.25325,591,621,Scotland,Munro
0941.M,NN417661,Carn Dearg,941,NN,41773,66143,56.75993,-4.58989,218,363,Scotland,Munro
1183.M,NH123261,Carn Eighe,1182.8,NH,12355,26197,57.2877,-5.11516,1147,803,Scotland,Munro
0956.m,NH145125,Carn Ghluasaid,956.3,NH,14576,12523,57.16596,-5.06816,62.7,871,Scotland,Munro
1030.M,NN635500,Carn Gorm,1029.5,NN,63516,50071,56.62254,-4.22602,188,109,Scotland,Munro
1006.m,NN472903,Carn Liath,1006,NN,47228,90326,56.97879,-4.51529,87,668,Scotland,Munro
1043.M,NN684512,Carn Mairg,1043,NN,68490,51260,56.63464,-4.14562,466,107,Scotland,Munro
1220.M,NN177721,Carn Mor Dearg,1220,NN,17748,72172,56.80525,-4.98662,162,282,Scotland,Munro
0941.M,NN677821,Carn na Caim,940.8,NN,67702,82151,56.91172,-4.17444,328,389,Scotland,Munro
0992.M,NH181343,Carn nan Gobhar,992.3,NH,18188,34362,57.3633,-5.02454,197,936,Scotland,Munro
0992.m,NH273438,Carn nan Gobhar,992,NH,27303,43890,57.45233,-4.87994,137,895,Scotland,Munro
0920.m,NH683058,Carn Sgulain,920.3,NH,68302,05821,57.12437,-4.17699,71.6,626,Scotland,Munro
1046.M,NN377741,Chno Dearg,1046,NN,37741,74114,56.83008,-4.66083,644,351,Scotland,Munro
0981.M,NH062166,Ciste Dhubh,981.1,NH,06236,16618,57.19923,-5.20903,390,834,Scotland,Munro
0978.M,NH275816,Cona' Mheall,978,NH,27509,81642,57.79108,-4.90342,165,1063,Scotland,Munro
0987.m,NC303199,Conival,987,NC,30330,19938,58.13569,-4.8835,101,1184,Scotland,Munro
0946.m,NH087077,Creag a' Mhaim,946.2,NH,08790,07772,57.12097,-5.16005,79.6,700,Scotland,Munro
0988.m,NO154745,Creag Leacach,988.2,NO,15467,74549,56.85464,-3.38777,70.7,472,Scotland,Munro
1128.M,NN418875,Creag Meagaidh,1128.1,NN,41839,87545,56.95202,-4.60212,867,658,Scotland,Munro
1047.M,NN391361,Creag Mhor,1046.8,NN,39150,36111,56.48952,-4.61404,394,148,Scotland,Munro
0917.M,NG983112,Creag nan Damh,917.2,NG,98348,11202,57.14726,-5.33496,196,708,Scotland,Munro
0925.m,NN487814,Creag Pitridh,924.5,NN,48750,81459,56.89971,-4.48497,104,367,Scotland,Munro
1100.M,NN238506,Creise,1099.8,NN,23854,50645,56.61445,-4.87199,169,235,Scotland,Munro
1046.M,NN409212,Cruach Ardrain,1045.9,NN,40927,21216,56.35644,-4.57615,549,30,Scotland,Munro
1155.m,NO017980,Derry Cairngorm,1155,NO,01734,98032,57.0628,-3.622,141,539,Scotland,Munro
0948.m,NO271735,Driesh,947.6,NO,27116,73590,56.848,-3.19654,136,483,Scotland,Munro
0985.m,NH074084,Druim Shionnach,985.2,NH,07441,08484,57.12679,-5.18284,101,692,Scotland,Munro
0927.M,NH257842,Eididh nan Clach Geala,927,NH,25787,84215,57.81349,-4.93422,166,1068,Scotland,Munro
0933.M,NH147621,Fionn Bheinn,933,NH,14750,62149,57.61115,-5.1027,658,1050,Scotland,Munro
0919.M,NN025995,Gairich,919,NN,02589,99580,57.04488,-5.25583,552,741,Scotland,Munro
1013.M,NM909961,Garbh Chioch Mhor,1012.9,NM,90956,96101,57.00856,-5.44432,169,732,Scotland,Munro
1050.M,NN504811,Geal Charn,1049.7,NN,50432,81181,56.89776,-4.45724,311,350,Scotland,Munro
0926.m,NN561987,Geal Charn,926,NN,56144,98768,57.05742,-4.37357,100,624,Scotland,Munro
1132.M,NN469746,Geal-charn,1132,NN,46992,74629,56.83784,-4.50969,410,346,Scotland,Munro
0917.M,NN596782,Geal-charn,917.1,NN,59644,78261,56.87443,-4.30452,178,392,Scotland,Munro
0998.M,NN153429,Glas Bheinn Mhor,997.7,NN,15328,42984,56.54243,-5.00525,231,245,Scotland,Munro
1068.M,NO166765,Glas Maol,1067.7,NO,16699,76576,56.87306,-3.36824,195,461,Scotland,Munro
1051.M,NO051760,Glas Tulaichean,1051,NO,05105,76011,56.86576,-3.55816,384,424,Scotland,Munro
1035.M,NH039053,Gleouraich,1035,NH,03945,05345,57.09716,-5.23804,768,683,Scotland,Munro
0987.M,NN002875,Gulvain (Gaor Bheinn),987,NN,00267,87575,56.93621,-5.28453,842,773,Scotland,Munro
1020.M,NG824039,Ladhar Bheinn,1020,NG,82400,03983,57.07526,-5.59175,795,731,Scotland,Munro
1024.M,NG911576,Liathach-Mullach an Rathain,1023.8,NG,91188,57689,57.56088,-5.4925,152,954,Scotland,Munro
1055.M,NG929579,Liathach-Spidean a' Choire Leith,1054.8,NG,92934,57970,57.5642,-5.46361,957,953,Scotland,Munro
1156.M,NO243861,Lochnagar-Cac Carn Beag,1155.7,NO,24372,86140,56.96027,-3.24526,671,457,Scotland,Munro
0939.M,NG869007,Luinne Bheinn,939,NG,86979,00740,57.04833,-5.51361,255,739,Scotland,Munro
0987.M,NH064404,Lurg Mhor,987,NH,06480,40451,57.41309,-5.22367,442,896,Scotland,Munro
1179.m,NH120253,Mam Sodhail,1179.4,NH,12007,25332,57.2798,-5.12027,132,804,Scotland,Munro
1005.m,NH135458,Maoile Lunndaidh,1004.9,NH,13506,45853,57.46448,-5.111,10.5,890,Scotland,Munro
0933.M,NG924499,Maol Chean-dearg,933,NG,92406,49911,57.4917,-5.46555,514,982,Scotland,Munro
0980.m,NH032087,Maol Chinn-dearg,980.3,NH,03221,08769,57.12756,-5.25265,137,693,Scotland,Munro
0929.m,NO240737,Mayar,928.6,NO,24081,73749,56.84894,-3.24632,112,486,Scotland,Munro
1108.M,NN250503,Meall a' Bhuiridh,1107.9,NN,25061,50346,56.61222,-4.85216,795,233,Scotland,Munro
0926.M,NN612438,Meall a' Choire Leith,925.6,NN,61249,43882,56.56631,-4.25962,150,163,Scotland,Munro
0934.m,NH184733,Meall a' Chrasgaidh,934,NH,18482,73320,57.71287,-5.04874,115,1049,Scotland,Munro
0946.M,NM848989,Meall Buidhe,946,NM,84898,98976,57.03154,-5.54633,496,737,Scotland,Munro
0932.M,NN498499,Meall Buidhe,932.1,NN,49840,49946,56.61723,-4.44861,321,123,Scotland,Munro
0951.M,NN716878,Meall Chuaich,950.8,NN,71648,87834,56.96385,-4.11257,466,388,Scotland,Munro
1069.M,NN615410,Meall Corranaich,1069,NN,61533,41048,56.54096,-4.25347,202,146,Scotland,Munro
1123.M,NN644437,Meall Garbh,1123.1,NN,64438,43758,56.56613,-4.2077,198,143,Scotland,Munro
0968.m,NN647516,Meall Garbh,967.5,NN,64707,51686,56.63738,-4.20747,102,118,Scotland,Munro
1040.M,NN514397,Meall Ghaordaidh,1039.8,NN,51442,39704,56.52581,-4.41665,492,150,Scotland,Munro
0959.M,NN431321,Meall Glas,959.3,NN,43147,32194,56.45571,-4.54684,554,158,Scotland,Munro
0950.m,NH221695,Meall Gorm,949.7,NH,22192,69584,57.68084,-4.9838,112,1047,Scotland,Munro
1001.M,NN674438,Meall Greigh,1001,NN,67400,43807,56.56742,-4.15956,167,154,Scotland,Munro
0981.m,NN694496,Meall na Aighean,981,NN,69477,49669,56.62063,-4.12874,136,115,Scotland,Munro
0917.M,NN220924,Meall na Teanga,916.8,NN,22023,92471,56.98901,-4.93096,305,759,Scotland,Munro
0977.m,NH257825,Meall nan Ceapraichean,977,NH,25727,82548,57.79851,-4.93401,126,1064,Scotland,Munro
0928.M,NN192449,Meall nan Eun,928.1,NN,19248,44903,56.56118,-4.94293,174,258,Scotland,Munro
1044.M,NN585390,Meall nan Tarmachan,1043.6,NN,58518,39000,56.52167,-4.30134,494,149,Scotland,Munro
1113.m,NN938942,Monadh Mor,1113,NN,93866,94217,57.0268,-3.75007,138,549,Scotland,Munro
0928.M,NH101499,Moruisg,928,NH,10114,49939,57.49971,-5.17063,594,899,Scotland,Munro
0939.M,NO409869,Mount Keen,939,NO,40905,86928,56.96976,-2.97362,312,485,Scotland,Munro
1019.m,NN882927,Mullach Clach a' Bhlair,1019,NN,88286,92702,57.01188,-3.84127,104,571,Scotland,Munro
1015.M,NH052735,Mullach Coire Mhic Fhearchair,1015.2,NH,05205,73508,57.709,-5.27136,591,1007,Scotland,Munro
1101.M,NH094171,Mullach Fraoch-choire,1100.9,NH,09492,17152,57.20539,-5.15564,151,864,Scotland,Munro
0982.m,NH080259,Mullach na Dheiragain,982,NH,08044,25917,57.2834,-5.18635,144,833,Scotland,Munro
0939.m,NN122662,Mullach nan Coirean,939.3,NN,12233,66243,56.74987,-5.07245,92.3,321,Scotland,Munro
1054.m,NN203652,Na Gruagaichean,1054.3,NN,20309,65201,56.7437,-4.93985,96.8,301,Scotland,Munro
0919.M,NH018756,Ruadh Stac Mor,918.7,NH,01853,75655,57.72678,-5.32929,167,1023,Scotland,Munro
0999.m,NH133154,Sail Chaorainn,999.2,NH,13313,15442,57.19162,-5.0912,87,867,Scotland,Munro
0956.m,NH017148,Saileag,956,NH,01774,14827,57.18126,-5.28133,91,839,Scotland,Munro
1083.M,NN713547,Schiehallion,1083.3,NN,71384,54769,56.66694,-4.10023,716,103,Scotland,Munro
0926.M,NH281878,Seana Bhraigh,926,NH,28181,87884,57.84733,-4.89662,251,1069,Scotland,Munro
0991.M,NN598731,Sgairneach Mhor,991,NN,59882,73130,56.82845,-4.29779,182,384,Scotland,Munro
0920.M,NN462317,Sgiath Chuil,920.1,NN,46291,31794,56.45316,-4.49564,311,165,Scotland,Munro
1258.m,NN954976,Sgor an Lochain Uaine,1258,NN,95422,97694,57.05838,-3.7259,118,523,Scotland,Munro
0955.M,NN444674,Sgor Gaibhre,955,NN,44477,67448,56.77255,-4.5465,300,361,Scotland,Munro
1116.M,NN903989,Sgor Gaoith,1116,NN,90300,98961,57.06856,-3.81086,240,548,Scotland,Munro
0961.M,NG959505,Sgorr Ruadh,960.7,NG,95907,50506,57.49862,-5.40775,723,981,Scotland,Munro
1036.M,NH035143,Sgurr a' Bhealaich Dheirg,1036,NH,03517,14360,57.17783,-5.25218,311,821,Scotland,Munro
1053.M,NH087447,Sgurr a' Chaorachain,1053,NH,08750,44738,57.4525,-5.18928,568,885,Scotland,Munro
1084.M,NH258430,Sgurr a' Choire Ghlais,1083.7,NH,25835,43056,57.44429,-4.90376,819,884,Scotland,Munro
0972.m,NG445231,Sgurr a' Ghreadaidh,972.1,NG,44525,23126,57.22731,-6.23443,123,1243,Scotland,Munro
0918.m,NG447235,Sgurr a' Mhadaidh,918,NG,44700,23512,57.23087,-6.23193,72.9,1259,Scotland,Munro
1099.M,NN164667,Sgurr a' Mhaim,1099,NN,16465,66730,56.75592,-5.00369,316,295,Scotland,Munro
1027.M,NG983065,Sgurr a' Mhaoraich,1027,NG,98392,06581,57.10585,-5.33051,708,684,Scotland,Munro
0992.M,NG450207,Sgurr Alasdair,992,NG,45002,20783,57.20659,-6.22414,992,1239,Scotland,Munro
1010.M,NH015098,Sgurr an Doire Leathain,1010,NH,01524,09889,57.13687,-5.28153,189,687,Scotland,Munro
1004.m,NH005104,Sgurr an Lochain,1004,NH,00584,10427,57.14129,-5.29747,123,690,Scotland,Munro
0989.M,NH055745,Sgurr Ban,989,NH,05581,74554,57.71854,-5.2659,165,1009,Scotland,Munro
1000.M,NH158711,Sgurr Breac,999.6,NH,15840,71107,57.69194,-5.09131,450,1042,Scotland,Munro
0999.m,NH076446,Sgurr Choinnich,999.3,NH,07625,44627,57.45103,-5.20792,133,892,Scotland,Munro
1094.M,NN227714,Sgurr Choinnich Mor,1094,NN,22771,71419,56.80043,-4.90396,159,296,Scotland,Munro
0986.M,NG444215,Sgurr Dearg-Inaccessible Pinnacle,985.8,NG,44404,21565,57.21326,-6.23482,187,1240,Scotland,Munro
0944.m,NG457205,Sgurr Dubh Mor,944.1,NG,45760,20544,57.20487,-6.21139,89,1250,Scotland,Munro
1010.M,NN230657,Sgurr Eilde Mor,1010,NN,23054,65787,56.75001,-4.89544,271,305,Scotland,Munro
1049.m,NH235437,Sgurr Fhuar-thuill,1049.2,NH,23580,43754,57.44968,-4.94178,148,886,Scotland,Munro
1069.M,NG978166,Sgurr Fhuaran,1068.8,NG,97849,16678,57.19615,-5.34765,665,815,Scotland,Munro
0948.m,NG450210,Sgurr Mhic Choinnich,948.1,NG,45020,21044,57.20894,-6.22411,56,1248,Scotland,Munro
1109.M,NH203718,Sgurr Mor,1108.9,NH,20323,71818,57.70013,-5.01677,914,1040,Scotland,Munro
1003.M,NM965980,Sgurr Mor,1003,NM,96534,98041,57.02845,-5.35421,341,733,Scotland,Munro
0965.m,NG440224,Sgurr na Banachdich (Sgurr na Banachdaich),965,NG,44046,22448,57.22097,-6.24164,114,1245,Scotland,Munro
1002.m,NG977158,Sgurr na Carnach,1002,NG,97715,15891,57.18903,-5.34922,134,827,Scotland,Munro
1040.M,NM902966,Sgurr na Ciche,1040.2,NM,90220,96686,57.01347,-5.45691,839,730,Scotland,Munro
1027.M,NG984149,Sgurr na Ciste Duibhe,1027,NG,98401,14953,57.18092,-5.33713,178,825,Scotland,Munro
0994.M,NN111517,Sgurr na h-Ulaidh (Sgor na h-Ulaidh),994,NN,11117,51794,56.6198,-5.08006,415,199,Scotland,Munro
1152.M,NH161351,Sgurr na Lapaich,1151.9,NH,16103,35125,57.36931,-5.05973,841,926,Scotland,Munro
0993.M,NH289426,Sgurr na Ruaidhe,993,NH,28900,42615,57.4415,-4.85247,226,894,Scotland,Munro
0946.M,NG946113,Sgurr na Sgine,946,NG,94614,11367,57.14709,-5.3967,247,701,Scotland,Munro
1151.M,NH057228,Sgurr nan Ceathramhnan (Sgurr nan Ceathreamhnan),1151,NH,05702,22851,57.25491,-5.22273,434,805,Scotland,Munro
1093.M,NH184714,Sgurr nan Clach Geala,1093,NH,18428,71473,57.69628,-5.04824,229,1041,Scotland,Munro
0956.M,NM902880,Sgurr nan Coireachan,956.3,NM,90290,88013,56.93573,-5.44855,231,776,Scotland,Munro
0954.M,NM933958,Sgurr nan Coireachan,953.8,NM,93308,95827,57.00716,-5.40544,221,736,Scotland,Munro
1109.M,NH129138,Sgurr nan Conbhairean,1109,NH,12988,13896,57.17762,-5.09541,382,863,Scotland,Munro
0923.m,NH184697,Sgurr nan Each,923,NH,18464,69769,57.68101,-5.04635,109,1051,Scotland,Munro
0926.m,NG457195,Sgurr nan Eag,926.3,NG,45705,19536,57.19581,-6.21126,130,1258,Scotland,Munro
0966.M,NG471252,Sgurr nan Gillean,966.1,NG,47157,25296,57.24822,-6.19316,205,1246,Scotland,Munro
0963.M,NM939879,Sgurr Thuilm,963,NM,93906,87980,56.93706,-5.38921,614,774,Scotland,Munro
0981.M,NH004690,Slioch,981,NH,00467,69073,57.66715,-5.34706,626,1010,Scotland,Munro
0996.M,NH065043,Spidean Mialach,996,NH,06592,04306,57.08896,-5.19361,257,691,Scotland,Munro
0936.M,NN222945,Sron a' Choire Ghairbh,936.2,NN,22247,94560,57.00784,-4.92875,621,758,Scotland,Munro
1105.m,NN316736,Stob a' Choire Mheadhoin,1105,NN,31651,73643,56.82368,-4.7602,140,292,Scotland,Munro
0945.M,NN257459,Stob a' Choire Odhair,945,NN,25731,45982,56.57331,-4.8383,279,255,Scotland,Munro
1000.M,NN147654,Stob Ban,999.7,NN,14777,65443,56.74371,-5.03033,237,309,Scotland,Munro
0977.M,NN266723,Stob Ban,977,NN,26669,72395,56.81066,-4.84088,174,314,Scotland,Munro
1165.M,NN434227,Stob Binnein,1165,NN,43481,22712,56.37072,-4.53575,303,27,Scotland,Munro
1177.M,NN261738,Stob Choire Claurigh,1177,NN,26196,73878,56.82379,-4.84962,446,285,Scotland,Munro
1045.M,NN169443,Stob Coir' an Albannaich,1044.9,NN,16952,44303,56.5549,-4.97981,307,241,Scotland,Munro
0981.m,NN185660,Stob Coire a' Chairn,981.3,NN,18561,66063,56.75076,-4.96899,124,313,Scotland,Munro
1116.m,NN239725,Stob Coire an Laoigh,1116,NN,23983,72532,56.81088,-4.88491,74,289,Scotland,Munro
1115.M,NN308730,Stob Coire Easain,1115,NN,30802,73066,56.8182,-4.77371,611,290,Scotland,Munro
1072.m,NN154536,Stob Coire Sgreamhach,1072,NN,15487,53664,56.63831,-5.01028,128,194,Scotland,Munro
0979.m,NN356743,Stob Coire Sgriodain,979,NN,35668,74381,56.83174,-4.69493,90,356,Scotland,Munro
0999.m,NN094308,Stob Daimh (Stob Diamh),999.2,NN,09482,30859,56.43134,-5.09132,134,244,Scotland,Munro
1089.M,NN230455,Stob Ghabhar,1089.2,NN,23017,45515,56.5681,-4.8821,392,237,Scotland,Munro
1054.m,NN428888,Stob Poite Coire Ardair,1054,NN,42884,88845,56.96404,-4.58576,109,662,Scotland,Munro
0973.M,NN617174,Stuc a' Chroin,973,NN,61746,17465,56.32932,-4.23753,252,18,Scotland,Munro
0960.M,NN483448,Stuc an Lochain (Stuchd an Lochain),960,NN,48305,44840,56.57091,-4.4706,482,120,Scotland,Munro
0933.m,NO134773,The Cairnwell,933,NO,13486,77360,56.87952,-3.4212,127,435,Scotland,Munro
1007.m,NN976951,The Devil's Point,1006.9,NN,97609,95115,57.03571,-3.6888,90.6,575,Scotland,Munro
1012.M,NG936131,The Saddle,1011.5,NG,93610,13124,57.1624,-5.41472,334,688,Scotland,Munro
1054.M,NH194282,Toll Creagach,1053.7,NH,19402,28280,57.30923,-4.99994,181,818,Scotland,Munro
0958.m,NO210800,Tolmount,957.8,NO,21050,80017,56.90472,-3.29795,73.7,479,Scotland,Munro
1113.m,NH164273,Tom a' Choinnich (Tom a' Choinich),1112.7,NH,16403,27334,57.29955,-5.04895,149,810,Scotland,Munro
0958.m,NO213787,Tom Buidhe,957.8,NO,21367,78775,56.89362,-3.29236,72.6,480,Scotland,Munro
0785.H,NY236085,Allen Crags,785,NY,23670,08528,54.46637,-3.17918,60,2388,England,Wainwright
0566.w,NY413148,Angletarn Pikes (Angletarn Pikes North Top),566,NY,41330,14826,54.52531,-2.908,77.4,2579,England,Wainwright
0581.w,NY206197,Ard Crags,581,NY,20693,19772,54.56694,-3.22812,116,2460,England,Wainwright
0475.w,NY295157,Armboth Fell,475,NY,29582,15740,54.53203,-3.0897,7.7,2483,England,Wainwright
0433.w,NY393149,Arnison Crag,433,NY,39356,14969,54.52636,-2.93852,32,2614,England,Wainwright
0533.w,NY460206,Arthur's Pike,533,NY,46073,20678,54.57843,-2.8358,4,2584,England,Wainwright
0674.w,NY266307,Bakestall,673.5,NY,26628,30738,54.66637,-3.1391,10.6,2333,England,Wainwright
0684.H,NY335290,Bannerdale Crags,684.1,NY,33529,29027,54.65195,-3.03173,38,2332,England,Wainwright
0469.w,NY214267,Barf,469,NY,21463,26740,54.62967,-3.21808,38,2486,England,Wainwright
0455.w,NY227218,Barrow,455,NY,22707,21821,54.58566,-3.19752,71,2488,England,Wainwright
0646.H,NY225114,Base Brown,646,NY,22515,11465,54.49258,-3.19776,38,2439,England,Wainwright
0487.w,NY403051,Baystones (Wansfell),486.9,NY,40313,05144,54.43819,-2.92175,147,2607,England,Wainwright
0509.w,NY428171,Beda Fell (Beda Head),509,NY,42887,17163,54.54649,-2.8844,61,2595,England,Wainwright
0447.W,NY225355,Binsey,447,NY,22511,35529,54.7088,-3.20419,242,2351,England,Wainwright
0718.N,NY363159,Birkhouse Moor,717.6,NY,36341,15975,54.53503,-2.98532,22.3,2549,England,Wainwright
0624.N,NY380143,Birks,624,NY,38019,14358,54.52071,-2.95905,20.3,2570,England,Wainwright
0323.w,NY340015,Black Fell,323,NY,34021,01593,54.4055,-3.01796,126,2508,England,Wainwright
0573.W,NY110196,Blake Fell,573,NY,11049,19687,54.56457,-3.3772,164,2462,England,Wainwright
0541.w,NY301078,Blea Rigg,541,NY,30166,07835,54.46108,-3.07881,11,2470,England,Wainwright
0590.w,NY285195,Bleaberry Fell,590,NY,28576,19578,54.56637,-3.10618,42,2458,England,Wainwright
0868.H,NY323277,Blencathra-Hallsfell Top,867.8,NY,32344,27709,54.63995,-3.04979,461,2320,England,Wainwright
0524.w,NY453200,Bonscale Pike,524,NY,45346,20086,54.57303,-2.84694,1,2588,England,Wainwright
0903.H,NY244064,Bowfell,902.9,NY,24474,06450,54.44782,-3.16624,148,2365,England,Wainwright
0702.H,NY333305,Bowscale Fell,702,NY,33338,30542,54.66554,-3.03504,87,2329,England,Wainwright
0586.w,NY288351,Brae Fell,586,NY,28874,35160,54.70642,-3.10536,14,2344,England,Wainwright
0715.H,NY214119,Brandreth,715,NY,21453,11917,54.49648,-3.21427,61,2416,England,Wainwright
0712.H,NY477100,Branstree,711.5,NY,47775,10002,54.48267,-2.80758,137,2550,England,Wainwright
0796.N,SD270985,Brim Fell,795.9,SD,27075,98558,54.37728,-3.1242,19.6,2636,England,Wainwright
0561.w,NY416136,Brock Crags (Wainwright),561.2,NY,41665,13662,54.51489,-2.90259,9.9,2582,England,Wainwright
0510.w,NY195270,Broom Fell,510.2,NY,19543,27052,54.63217,-3.2479,28.9,2480,England,Wainwright
0423.w,NY135061,Buckbarrow,423,NY,13568,06126,54.44317,-3.33428,4,2497,England,Wainwright
0475.w,NY110209,Burnbank Fell,475,NY,11000,20954,54.57594,-3.37834,22,2484,England,Wainwright
0537.w,NY301104,Calf Crag,537,NY,30161,10412,54.48423,-3.07949,50,2472,England,Wainwright
0747.N,NY254280,Carl Side,746.8,NY,25495,28089,54.6424,-3.15598,28.3,2325,England,Wainwright
0662.H,NY341336,Carrock Fell,662.3,NY,34168,33640,54.69348,-3.02287,89.9,2336,England,Wainwright
0290.w,NY249159,Castle Crag,290,NY,24931,15943,54.53318,-3.16161,75,2510,England,Wainwright
0451.w,NY244198,Cat Bells (Catbells),451,NY,24408,19862,54.56832,-3.1707,87,2490,England,Wainwright
0890.H,NY348158,Catstye Cam,889.6,NY,34810,15823,54.53347,-3.00894,62.4,2518,England,Wainwright
0637.H,NY218208,Causey Pike,637,NY,21875,20851,54.57682,-3.21013,40,2442,England,Wainwright
0697.N,NY132109,Caw Fell,697,NY,13208,10997,54.48687,-3.34126,22,2425,England,Wainwright
0726.H,NY333225,Clough Head,726,NY,33393,22542,54.59366,-3.03236,108,2547,England,Wainwright
0700.H,NY262036,Cold Pike,700.1,NY,26287,03614,54.4226,-3.13758,46.1,2422,England,Wainwright
0523.w,NY097143,Crag Fell,523,NY,09723,14387,54.51672,-3.39607,114,2476,England,Wainwright
0839.H,NY192203,Crag Hill (Eel Crag),839.2,NY,19273,20334,54.57176,-3.25023,116,2374,England,Wainwright
0859.H,NY248048,Crinkle Crags-Long Top (Second Crinkle),859,NY,24865,04873,54.4337,-3.15981,139,2371,England,Wainwright
0753.H,NY222153,Dale Head,753,NY,22288,15326,54.52724,-3.20228,397,2400,England,Wainwright
0502.w,NY244273,Dodd (Skiddaw),502,NY,24441,27351,54.63561,-3.17212,110,2349,England,Wainwright
0859.H,NY346130,Dollywaggon Pike,858.5,NY,34626,13068,54.50869,-3.01118,50.3,2524,England,Wainwright
0792.H,NY374104,Dove Crag,792,NY,37455,10436,54.4854,-2.96693,50,2533,England,Wainwright
0778.H,SD262977,Dow Crag,778,SD,26253,97794,54.3703,-3.13666,129,2638,England,Wainwright
0525.w,NY275121,Eagle Crag,525,NY,27532,12103,54.49906,-3.12048,27,2475,England,Wainwright
0885.H,NY236075,Esk Pike,885,NY,23650,07505,54.45717,-3.17922,112,2369,England,Wainwright
0873.H,NY358117,Fairfield,873.3,NY,35872,11755,54.49705,-2.99165,300,2521,England,Wainwright
0416.w,NY132242,Fellbarrow-Mosser Fell,416,NY,13239,24236,54.60582,-3.3447,51.6,2495,England,Wainwright
0649.H,NY205141,Fleetwith Pike,648.9,NY,20591,14167,54.51656,-3.22818,118,2438,England,Wainwright
0720.H,NY435085,Froswick,720,NY,43519,08526,54.46895,-2.87297,75,2548,England,Wainwright
0524.w,NY116185,Gavel Fell,524.3,NY,11655,18500,54.55401,-3.36747,73.7,2474,England,Wainwright
0420.w,NY316100,Gibson Knott,420.1,NY,31689,10037,54.48107,-3.05583,8.8,2494,England,Wainwright
0783.H,NY245104,Glaramara,783,NY,24599,10457,54.48384,-3.16534,121,2389,England,Wainwright
0442.w,NY380175,Glenridding Dodd,442,NY,38050,17558,54.54947,-2.95925,45,2612,England,Wainwright
0481.w,NY407218,Gowbarrow Fell (Wainwright summit),481.2,NY,40761,21822,54.58811,-2.9182,9,2610,England,Wainwright
0417.w,NY264162,Grange Fell (Brund Fell),417.2,NY,26467,16277,54.53641,-3.13796,42.2,2496,England,Wainwright
0852.H,NY174203,Grasmoor,851.6,NY,17484,20352,54.57164,-3.27791,518,2372,England,Wainwright
0698.W,NY427117,Gray Crag,698.1,NY,42756,11708,54.49746,-2.88536,13.7,2552,England,Wainwright
0450.w,NY176266,Graystones,450.4,NY,17615,26622,54.62799,-3.27764,9.4,2489,England,Wainwright
0616.H,NY123163,Great Borne,616,NY,12392,16359,54.5349,-3.35544,113,2451,England,Wainwright
0691.H,NY290311,Great Calva,691,NY,29088,31189,54.67077,-3.10107,142,2331,England,Wainwright
0785.N,NY270009,Great Carrs,785,NY,27078,00950,54.39878,-3.12474,20,2637,England,Wainwright
0526.w,NY273333,Great Cockup,526,NY,27336,33321,54.68968,-3.12877,90,2347,England,Wainwright
0449.w,NY270146,Great Crag (Stonethwaite),449,NY,27000,14686,54.52219,-3.12933,32,2491,England,Wainwright
0857.H,NY342205,Great Dodd,857,NY,34203,20530,54.57569,-3.01938,109,2525,England,Wainwright
0910.H,NY226083,Great End,909.5,NY,22671,08386,54.46494,-3.19455,56.1,2364,England,Wainwright
0899.H,NY211103,Great Gable,899,NY,21100,10321,54.48208,-3.2193,426,2367,England,Wainwright
0537.W,NY396253,Great Mell Fell,537,NY,39681,25368,54.61985,-2.93564,198,2583,England,Wainwright
0766.H,NY355104,Great Rigg,766.4,NY,35591,10407,54.48491,-2.99569,31,2539,England,Wainwright
0651.W,NY291339,Great Sca Fell,651,NY,29136,33901,54.69515,-3.10099,13,2338,England,Wainwright
0489.w,SD200982,Green Crag,488.7,SD,20014,98276,54.3737,-3.2328,142,2655,England,Wainwright
0801.H,NY214107,Green Gable,801,NY,21465,10717,54.4857,-3.21377,50,2384,England,Wainwright
0638.H,NY497072,Grey Crag (Sleddale Fell),638,NY,49713,07221,54.45787,-2.77719,41,2565,England,Wainwright
0773.H,NY260003,Grey Friar,773,NY,26009,00362,54.39334,-3.14105,78,2639,England,Wainwright
0697.N,NY217125,Grey Knotts,697,NY,21729,12567,54.50236,-3.21019,16,2424,England,Wainwright
0488.w,NY084140,Grike,488,NY,08499,14083,54.51377,-3.41488,37,2482,England,Wainwright
0791.H,NY198225,Grisedale Pike,791,NY,19840,22548,54.59175,-3.24207,189,2386,England,Wainwright
0388.W,NY433198,Hallin Fell,388,NY,43302,19820,54.57041,-2.8785,161,2623,England,Wainwright
0549.W,NY231023,Hard Knott,549,NY,23187,02377,54.41103,-3.18503,154,2469,England,Wainwright
0736.H,NY281074,Harrison Stickle,736,NY,28172,07401,54.4569,-3.10946,53,2406,England,Wainwright
0823.H,NY368112,Hart Crag,823.1,NY,36817,11263,54.49275,-2.97695,51.2,2529,England,Wainwright
0756.N,NY359197,Hart Side,756,NY,35901,19730,54.56872,-2.99294,23,2543,England,Wainwright
0653.H,SD218997,Harter Fell (Eskdale),653.2,SD,21876,99715,54.38692,-3.20452,273,2643,England,Wainwright
0779.H,NY459093,Harter Fell (Mardale),779,NY,45969,09327,54.47641,-2.83532,149,2537,England,Wainwright
0586.w,NY383120,Hartsop Above How (Gill Crag-Hartsop Above How),586.1,NY,38317,12004,54.4996,-2.95396,29.5,2578,England,Wainwright
0619.N,NY411118,Hartsop Dodd,619,NY,41133,11849,54.49854,-2.91045,25,2572,England,Wainwright
0797.H,NY144107,Haycock,797,NY,14478,10717,54.48457,-3.32158,94,2385,England,Wainwright
0597.w,NY193131,Haystacks (Buttermere),597,NY,19334,13152,54.50724,-3.24732,78,2457,England,Wainwright
0405.w,NY326093,Helm Crag,405,NY,32651,09350,54.47503,-3.04082,70,2498,England,Wainwright
0950.H,NY342151,Helvellyn,949.8,NY,34245,15111,54.527,-3.01751,713,2515,England,Wainwright
0506.w,NY132181,Hen Comb,506.2,NY,13214,18118,54.55085,-3.34326,138,2481,England,Wainwright
0612.n,NY355083,Heron Pike (Rydal),612,NY,35597,08311,54.46607,-2.99514,21,2573,England,Wainwright
0745.H,NY180139,High Crag (Buttermere),744.8,NY,18048,13997,54.51463,-3.26741,34.8,2401,England,Wainwright
0519.w,NY393107,High Hartsop Dodd,519,NY,39355,10769,54.48862,-2.93768,3,2589,England,Wainwright
0658.H,NY318350,High Pike (Caldbeck),658,NY,31876,35002,54.70542,-3.05874,68,2337,England,Wainwright
0656.w,NY374088,High Pike (Scandale),656,NY,37442,08831,54.47098,-2.96679,6,2562,England,Wainwright
0804.H,NY448134,High Raise (High Street),803.6,NY,44823,13453,54.51337,-2.85378,89.9,2530,England,Wainwright
0762.H,NY280095,High Raise (High White Stones),762,NY,28088,09524,54.47596,-3.11127,283,2396,England,Wainwright
0355.W,NY308219,High Rigg (Naddle Fell),355,NY,30851,21998,54.58843,-3.07157,186,2627,England,Wainwright
0609.W,NY287180,High Seat,609,NY,28708,18046,54.55262,-3.10376,139,2455,England,Wainwright
0653.H,NY234162,High Spy,653.1,NY,23413,16234,54.53557,-3.18514,147,2436,England,Wainwright
0806.W,NY167147,High Stile,806.2,NY,16751,14794,54.52158,-3.28767,8.9,3728,England,Wainwright
0828.H,NY440110,High Street,828,NY,44076,11050,54.49169,-2.86486,373,2528,England,Wainwright
0515.w,NY289165,High Tove,515,NY,28914,16511,54.53886,-3.10021,16,2478,England,Wainwright
0727.H,NY215165,Hindscarth,727,NY,21566,16517,54.53783,-3.21376,71,2411,England,Wainwright
0316.W,NY315006,Holme Fell,316,NY,31502,00606,54.3963,-3.05653,164,2673,England,Wainwright
0770.H,NY185221,Hopegill Head,769.6,NY,18566,22163,54.58808,-3.26168,97.2,2395,England,Wainwright
0757.H,NY436077,Ill Bell,757,NY,43648,07753,54.46202,-2.87084,124,2542,England,Wainwright
0609.W,NY168049,Illgill Head,608.8,NY,16897,04925,54.43293,-3.28263,312,2454,England,Wainwright
0731.H,NY465077,Kentmere Pike,730.5,NY,46553,07792,54.46268,-2.82603,39.7,2546,England,Wainwright
0781.N,NY447125,Kidsty Pike,781,NY,44736,12580,54.50551,-2.85496,15,2536,England,Wainwright
0802.H,NY194104,Kirk Fell,802,NY,19494,10487,54.48332,-3.24412,181,2383,England,Wainwright
0710.H,NY296329,Knott,710,NY,29616,32985,54.68698,-3.09332,242,2328,England,Wainwright
0556.w,NY197188,Knott Rigg,556,NY,19740,18872,54.5587,-3.24261,53,2465,England,Wainwright
0541.w,NY091119,Lank Rigg,541,NY,09163,11960,54.49481,-3.40397,111,2471,England,Wainwright
0369.w,NY279247,Latrigg,369,NY,27902,24715,54.61243,-3.11786,74,2352,England,Wainwright
0374.w,NY179285,Ling Fell,374,NY,17993,28536,54.64525,-3.27233,98,2501,England,Wainwright
0807.H,NY209081,Lingmell,807,NY,20932,08177,54.46279,-3.22132,72,2382,England,Wainwright
0470.W,NY302046,Lingmoor Fell (Lingmoor Fell-Brown How),470,NY,30272,04605,54.43207,-3.07641,248,2485,England,Wainwright
0637.H,NY387100,Little Hart Crag (Little Hart Crag-West Top),637,NY,38730,10031,54.48192,-2.94717,34,2566,England,Wainwright
0505.W,NY423240,Little Mell Fell,505,NY,42323,24018,54.60802,-2.89447,226,2598,England,Wainwright
0672.H,NY456180,Loadpot Hill,672,NY,45635,18047,54.55474,-2.84209,49,2556,England,Wainwright
0682.n,NY277071,Loft Crag,681.7,NY,27744,07133,54.45443,-3.11599,23.6,2430,England,Wainwright
0734.H,NY248284,Long Side,734,NY,24879,28445,54.64551,-3.16562,40,2326,England,Wainwright
0483.w,NY275354,Longlands Fell,483,NY,27592,35402,54.70841,-3.12531,37,2350,England,Wainwright
0715.H,NY285271,Lonscale Fell,715,NY,28544,27145,54.63436,-3.10852,50,2327,England,Wainwright
0552.W,NY204265,Lord's Seat,552,NY,20433,26553,54.62782,-3.23398,237,2345,England,Wainwright
0335.W,NY346051,Loughrigg Fell,335,NY,34695,05139,54.43745,-3.00836,172,2507,England,Wainwright
0423.W,NY137226,Low Fell,422.5,NY,13731,22617,54.59136,-3.33661,266,2493,England,Wainwright
0508.w,NY373078,Low Pike,508,NY,37351,07840,54.46206,-2.96799,18,2596,England,Wainwright
0575.w,NY236181,Maiden Moor,575,NY,23676,18189,54.55317,-3.18159,10,2461,England,Wainwright
0760.W,NY447101,Mardale Ill Bell,760,NY,44761,10121,54.48342,-2.85411,10,2541,England,Wainwright
0549.w,NY283337,Meal Fell,549.4,NY,28300,33764,54.6938,-3.11392,29.3,2346,England,Wainwright
0512.W,NY148186,Mellbreak (Mellbreak South Top),512,NY,14841,18614,54.55558,-3.31826,260,2479,England,Wainwright
0654.w,NY397095,Middle Dodd,654,NY,39735,09575,54.47794,-2.93157,14,2564,England,Wainwright
0582.w,NY150072,Middle Fell,582,NY,15077,07220,54.45325,-3.31133,117,2459,England,Wainwright
0632.w,NY311292,Mungrisdale Common,631.8,NY,31168,29205,54.65323,-3.06836,2.4,2340,England,Wainwright
0450.w,NY355072,Nab Scar,450,NY,35536,07237,54.45641,-2.99585,2,2611,England,Wainwright
0891.N,NY343142,Nethermost Pike,891.3,NY,34366,14218,54.51899,-3.01545,29.1,2517,England,Wainwright
0568.w,NY211214,Outerside,568,NY,21108,21460,54.58217,-3.22216,74,2464,England,Wainwright
0700.N,NY284079,Pavey Ark,700,NY,28455,07908,54.46149,-3.10521,15,2423,England,Wainwright
0705.H,NY271042,Pike of Blisco,705,NY,27118,04213,54.4281,-3.12493,177,2419,England,Wainwright
0708.H,NY273073,Pike of Stickle,708.4,NY,27398,07357,54.45639,-3.12138,53,2417,England,Wainwright
0892.H,NY171121,Pillar,892.4,NY,17125,12105,54.49748,-3.28113,348,2368,England,Wainwright
0657.H,NY405169,Place Fell,657,NY,40534,16946,54.54427,-2.92073,262,2561,England,Wainwright
0883.H,NY342174,Raise,882.7,NY,34281,17416,54.54772,-3.01747,91.6,2520,England,Wainwright
0792.H,NY443128,Rampsgill Head,792.4,NY,44332,12872,54.50809,-2.86125,41.1,2532,England,Wainwright
0355.w,NY167182,Rannerdale Knotts,355,NY,16726,18252,54.55264,-3.28903,66,2502,England,Wainwright
0461.w,NY303187,Raven Crag,461,NY,30339,18756,54.55923,-3.07872,44,2487,England,Wainwright
0755.H,NY160154,Red Pike (Buttermere),755.3,NY,16058,15459,54.52744,-3.29855,41.3,2399,England,Wainwright
0826.H,NY165106,Red Pike (Wasdale),826,NY,16531,10607,54.48392,-3.28988,62,2378,England,Wainwright
0776.H,NY396087,Red Screes,776,NY,39659,08758,54.47059,-2.93257,260,2538,England,Wainwright
0696.H,NY432136,Rest Dodd,696,NY,43255,13647,54.51494,-2.87803,111,2553,England,Wainwright
0737.H,NY201168,Robinson,737,NY,20192,16872,54.5408,-3.23508,161,2405,England,Wainwright
0651.H,NY249075,Rossett Pike,651,NY,24910,07569,54.45794,-3.1598,40,2437,England,Wainwright
0551.w,NY258124,Rosthwaite Fell-Bessyboot,551,NY,25830,12480,54.5022,-3.14685,45,2467,England,Wainwright
0773.H,NY198202,Sail,773,NY,19816,20276,54.57133,-3.24182,32,2393,England,Wainwright
0359.w,NY194296,Sale Fell,359,NY,19444,29665,54.65563,-3.25016,137,2503,England,Wainwright
0516.w,NY436039,Sallows,516,NY,43656,03981,54.42812,-2.87,69,2590,England,Wainwright
0964.H,NY206064,Scafell,963.9,NY,20681,06479,54.4475,-3.22473,132,2360,England,Wainwright
0978.H,NY215072,Scafell Pike,978.1,NY,21540,07217,54.45426,-3.21168,912,2359,England,Wainwright
0672.H,NY208206,Scar Crags,672,NY,20849,20663,54.57497,-3.22595,55,2432,England,Wainwright
0841.H,NY159113,Scoat Fell,841,NY,15939,11395,54.4909,-3.29924,86,2373,England,Wainwright
0737.H,NY344115,Seat Sandal,736.8,NY,34419,11531,54.49486,-3.01403,151,2545,England,Wainwright
0692.H,NY140084,Seatallan,692,NY,14001,08443,54.46406,-3.32827,193,2427,England,Wainwright
0601.w,NY229101,Seathwaite Fell (Wainwright summit),601.1,NY,22915,10169,54.481,-3.19125,14,2456,England,Wainwright
0655.H,NY490111,Selside Pike,655,NY,49061,11146,54.49308,-2.78793,36,2563,England,Wainwright
0736.W,NY286088,Sergeant Man,736,NY,28643,08892,54.47036,-3.10255,12,2407,England,Wainwright
0571.w,NY273113,Sergeant's Crag,571,NY,27392,11379,54.49253,-3.12246,45,2463,England,Wainwright
0676.H,NY369181,Sheffield Pike,676.1,NY,36910,18182,54.55494,-2.977,93,2554,England,Wainwright
0587.w,NY472062,Shipman Knotts,587,NY,47269,06214,54.44858,-2.81471,11,2574,England,Wainwright
0394.w,NY324066,Silver How,393.8,NY,32477,06644,54.45069,-3.04289,29.7,2499,England,Wainwright
0930.H,NY260290,Skiddaw,930.4,NY,26042,29081,54.65139,-3.14776,705,2319,England,Wainwright
0865.H,NY266277,Skiddaw Little Man,865,NY,26675,27793,54.63991,-3.13763,61,2321,England,Wainwright
0762.W,NY209050,Slight Side,762,NY,20990,05015,54.43439,-3.21958,14,2397,England,Wainwright
0483.w,NY427032,Sour Howes,483,NY,42764,03218,54.42117,-2.8836,35,2609,England,Wainwright
0522.w,NY354291,Souther Fell,522,NY,35471,29142,54.65324,-3.00166,87,2348,England,Wainwright
0841.H,NY369133,St Sunday Crag,841.2,NY,36919,13397,54.51194,-2.97584,160,2527,England,Wainwright
0633.H,NY142157,Starling Dodd,633,NY,14208,15748,54.52973,-3.32721,73,2445,England,Wainwright
0553.w,NY319111,Steel Fell (Dead Pike-Steel Fell),553,NY,31942,11155,54.49115,-3.05218,83,2466,England,Wainwright
0432.w,NY440181,Steel Knotts (Pikeawassa-Steel Knotts),432,NY,44037,18123,54.55525,-2.86681,51,2615,England,Wainwright
0819.N,NY157116,Steeple,819,NY,15754,11675,54.49339,-3.30217,24,2379,England,Wainwright
0504.w,NY347092,Stone Arthur,504,NY,34753,09236,54.47428,-3.00837,3,2601,England,Wainwright
0764.H,NY417100,Stony Cove Pike (Caudale Moor),763.7,NY,41781,10007,54.48206,-2.90008,172,2540,England,Wainwright
0844.H,NY343189,Stybarrow Dodd,843.7,NY,34307,18908,54.56113,-3.01741,68.9,2526,England,Wainwright
0802.H,NY272005,Swirl How,802.4,NY,27281,00555,54.39526,-3.12152,120,2635,England,Wainwright
0549.w,NY303093,Tarn Crag (Easedale),549,NY,30370,09303,54.4743,-3.07601,4,2468,England,Wainwright
0664.H,NY488078,Tarn Crag (Sleddale),664,NY,48847,07852,54.46346,-2.79066,160,2559,England,Wainwright
0739.W,NY437126,The Knott (High Street),739,NY,43710,12682,54.50632,-2.87082,13,2544,England,Wainwright
0576.w,NY434151,The Nab,576,NY,43427,15198,54.52889,-2.87568,61,2577,England,Wainwright
0802.H,SD272978,The Old Man of Coniston (Coniston Old Man),802.4,SD,27242,97818,54.37066,-3.12145,415,2634,England,Wainwright
0784.H,NY431100,Thornthwaite Crag,784,NY,43149,10051,54.48261,-2.87898,30.6,2535,England,Wainwright
0723.N,NY279079,Thunacar Knott,723,NY,27974,07993,54.46219,-3.11265,27,2413,England,Wainwright
0364.w,NY422064,Troutbeck Tongue,364,NY,42239,06428,54.44995,-2.89231,73,2626,England,Wainwright
0690.W,NY244287,Ullock Pike,690.4,NY,24441,28759,54.64826,-3.17249,14.4,2330,England,Wainwright
0723.H,NY291121,Ullscarf,723,NY,29149,12173,54.49991,-3.09553,114,2412,England,Wainwright
0379.w,NY276212,Walla Crag,379,NY,27685,21288,54.58161,-3.12038,24,2500,England,Wainwright
0774.H,NY188197,Wandope,773.9,NY,18819,19731,54.56627,-3.25709,30.5,2394,England,Wainwright
0789.w,NY335195,Watson's Dodd,789,NY,33567,19563,54.56692,-3.029,11,2534,England,Wainwright
0673.W,NY455167,Wether Hill,672.5,NY,45596,16768,54.54324,-2.84245,4.3,2557,England,Wainwright
0763.H,NY288011,Wetherlam,763,NY,28819,01113,54.40049,-3.09797,145,2640,England,Wainwright
0537.w,NY151035,Whin Rigg (Wasdale),537,NY,15100,03537,54.42016,-3.30992,61,2473,England,Wainwright
0517.w,NY191251,Whinlatter (Brown How-Whinlatter),517,NY,19113,25133,54.61486,-3.25403,16,2477,England,Wainwright
0863.H,NY337166,White Side,863.2,NY,33779,16665,54.5409,-3.02506,43.1,2523,England,Wainwright
0660.H,NY180189,Whiteless Pike,660,NY,18015,18977,54.55937,-3.26931,36.2,2434,England,Wainwright
0707.n,NY170219,Whiteside (Whiteside West Top),707,NY,17044,21949,54.58591,-3.28516,18,2418,England,Wainwright
0629.H,NY173084,Yewbarrow,628.7,NY,17336,08474,54.46489,-3.27686,143,2450,England,Wainwright
0707.H,NY437067,Yoke,707,NY,43772,06740,54.45293,-2.86873,38.8,2551,England,Wainwright